symbol,exchange
AAV,HNX
ADC,HNX
ALT,HNX
AMC,HNX
AME,HNX
API,HNX
APS,HNX
ARM,HNX
ATS,HNX
BAB,HNX
BAX,HNX
BBS,HNX
BCC,HNX
BCF,HNX
BKC,HNX
BNA,HNX
BPC,HNX
BTS,HNX
BTW,HNX
BVS,HNX
BXH,HNX
C69,HNX
CAG,HNX
CAN,HNX
CAP,HNX
CCR,HNX
CDN,HNX
CEO,HNX
CET,HNX
CIA,HNX
CKV,HNX
CLH,HNX
CLM,HNX
CMC,HNX
CMS,HNX
CPC,HNX
CSC,HNX
CTB,HNX
CTP,HNX
CTT,HNX
CX8,HNX
D11,HNX
DAD,HNX
DAE,HNX
DC2,HNX
DDG,HNX
DHP,HNX
DHT,HNX
DIH,HNX
DL1,HNX
DNC,HNX
DNP,HNX
DP3,HNX
DS3,HNX
DST,HNX
DTD,HNX
DTG,HNX
DTK,HNX
DVM,HNX
DXP,HNX
EBS,HNX
EID,HNX
EVS,HNX
FID,HNX
GDW,HNX
GIC,HNX
GKM,HNX
GLT,HNX
GMA,HNX
GMX,HNX
HAD,HNX
HAT,HNX
HBS,HNX
HCC,HNX
HCT,HNX
HDA,HNX
HEV,HNX
HGM,HNX
HHC,HNX
HJS,HNX
HKT,HNX
HLC,HNX
HLD,HNX
HMH,HNX
HMR,HNX
HOM,HNX
HTC,HNX
HUT,HNX
HVT,HNX
ICG,HNX
IDC,HNX
IDJ,HNX
IDV,HNX
INC,HNX
INN,HNX
IPA,HNX
ITQ,HNX
IVS,HNX
KDM,HNX
KHS,HNX
KKC,HNX
KMT,HNX
KSD,HNX
KSF,HNX
KST,HNX
KSV,HNX
KTS,HNX
L14,HNX
L18,HNX
L40,HNX
LAS,HNX
LBE,HNX
LDP,HNX
LHC,HNX
LIG,HNX
MAC,HNX
MAS,HNX
MBG,HNX
MBS,HNX
MCC,HNX
MCF,HNX
MCO,HNX
MDC,HNX
MED,HNX
MEL,HNX
MKV,HNX
MST,HNX
MVB,HNX
NAG,HNX
NAP,HNX
NBC,HNX
NBP,HNX
NBW,HNX
NDN,HNX
NDX,HNX
NET,HNX
NFC,HNX
NHC,HNX
NRC,HNX
NSH,HNX
NST,HNX
NTH,HNX
NTP,HNX
NVB,HNX
OCH,HNX
ONE,HNX
PBP,HNX
PCE,HNX
PCH,HNX
PCT,HNX
PDB,HNX
PEN,HNX
PGN,HNX
PGS,HNX
PGT,HNX
PHN,HNX
PIA,HNX
PIC,HNX
PJC,HNX
PLC,HNX
PMB,HNX
PMC,HNX
PMP,HNX
PMS,HNX
POT,HNX
PPE,HNX
PPP,HNX
PPS,HNX
PPT,HNX
PPY,HNX
PRC,HNX
PRE,HNX
PSC,HNX
PSD,HNX
PSE,HNX
PSI,HNX
PSW,HNX
PTD,HNX
PTI,HNX
PTS,HNX
PV2,HNX
PVB,HNX
PVC,HNX
PVG,HNX
PVI,HNX
PVS,HNX
QST,HNX
QTC,HNX
RCL,HNX
S55,HNX
S99,HNX
SAF,HNX
SCG,HNX
SCI,HNX
SD5,HNX
SD9,HNX
SDA,HNX
SDC,HNX
SDG,HNX
SDN,HNX
SDU,HNX
SEB,HNX
SED,HNX
SFN,HNX
SGC,HNX
SGD,HNX
SGH,HNX
SHE,HNX
SHN,HNX
SHS,HNX
SJ1,HNX
SJE,HNX
SLS,HNX
SMN,HNX
SMT,HNX
SRA,HNX
SSM,HNX
STC,HNX
STP,HNX
SVN,HNX
SZB,HNX
TA9,HNX
TDT,HNX
TFC,HNX
THB,HNX
THD,HNX
THS,HNX
THT,HNX
TIG,HNX
TJC,HNX
TKU,HNX
TMB,HNX
TMC,HNX
TMX,HNX
TNG,HNX
TOT,HNX
TPP,HNX
TSB,HNX
TTC,HNX
TTH,HNX
TTL,HNX
TTT,HNX
TV3,HNX
TV4,HNX
TVC,HNX
TVD,HNX
TXM,HNX
UNI,HNX
V12,HNX
V21,HNX
VBC,HNX
VC1,HNX
VC2,HNX
VC3,HNX
VC6,HNX
VC7,HNX
VC9,HNX
VCC,HNX
VCM,HNX
VCS,HNX
VDL,HNX
VE1,HNX
VE3,HNX
VFS,HNX
VGP,HNX
VGS,HNX
VHE,HNX
VHL,HNX
VIF,HNX
VIG,HNX
VIT,HNX
VLA,HNX
VMC,HNX
VMS,HNX
VNC,HNX
VNF,HNX
VNR,HNX
VNT,HNX
VSA,HNX
VSM,HNX
VTC,HNX
VTH,HNX
VTJ,HNX
VTV,HNX
VTZ,HNX
WCS,HNX
WSS,HNX
X20,HNX
AAA,HOSE
AAM,HOSE
AAT,HOSE
ABR,HOSE
ABS,HOSE
ABT,HOSE
ACB,HOSE
ACC,HOSE
ACG,HOSE
ACL,HOSE
ADG,HOSE
ADP,HOSE
ADS,HOSE
AGG,HOSE
AGR,HOSE
ANV,HOSE
APG,HOSE
APH,HOSE
ASG,HOSE
ASM,HOSE
ASP,HOSE
AST,HOSE
BAF,HOSE
BBC,HOSE
BCE,HOSE
BCG,HOSE
BCM,HOSE
BFC,HOSE
BHN,HOSE
BIC,HOSE
BID,HOSE
BKG,HOSE
BMC,HOSE
BMI,HOSE
BMP,HOSE
BRC,HOSE
BSI,HOSE
BSR,HOSE
BTP,HOSE
BTT,HOSE
BVH,HOSE
BWE,HOSE
C32,HOSE
C47,HOSE
CCI,HOSE
CCL,HOSE
CDC,HOSE
CHP,HOSE
CIG,HOSE
CII,HOSE
CKG,HOSE
CLC,HOSE
CLL,HOSE
CLW,HOSE
CMG,HOSE
CMV,HOSE
CMX,HOSE
CNG,HOSE
COM,HOSE
CRC,HOSE
CRE,HOSE
CSM,HOSE
CSV,HOSE
CTD,HOSE
CTF,HOSE
CTG,HOSE
CTI,HOSE
CTR,HOSE
CTS,HOSE
CVT,HOSE
D2D,HOSE
DAH,HOSE
DAT,HOSE
DBC,HOSE
DBD,HOSE
DBT,HOSE
DC4,HOSE
DCL,HOSE
DCM,HOSE
DGC,HOSE
DGW,HOSE
DHA,HOSE
DHC,HOSE
DHG,HOSE
DHM,HOSE
DIG,HOSE
DLG,HOSE
DMC,HOSE
DPG,HOSE
DPM,HOSE
DPR,HOSE
DQC,HOSE
DRC,HOSE
DRH,HOSE
DRL,HOSE
DSC,HOSE
DSE,HOSE
DSN,HOSE
DTA,HOSE
DTL,HOSE
DTT,HOSE
DVP,HOSE
DXG,HOSE
DXS,HOSE
DXV,HOSE
EIB,HOSE
ELC,HOSE
EVE,HOSE
EVF,HOSE
EVG,HOSE
FCM,HOSE
FCN,HOSE
FDC,HOSE
FIR,HOSE
FIT,HOSE
FMC,HOSE
FPT,HOSE
FRT,HOSE
FTS,HOSE
GAS,HOSE
GDT,HOSE
GEE,HOSE
GEG,HOSE
GEX,HOSE
GIL,HOSE
GMD,HOSE
GMH,HOSE
GSP,HOSE
GTA,HOSE
GVR,HOSE
HAG,HOSE
HAH,HOSE
HAP,HOSE
HAR,HOSE
HAS,HOSE
HAX,HOSE
HCD,HOSE
HCM,HOSE
HDB,HOSE
HDC,HOSE
HDG,HOSE
HHP,HOSE
HHS,HOSE
HHV,HOSE
HID,HOSE
HII,HOSE
HMC,HOSE
HNA,HOSE
HPG,HOSE
HPX,HOSE
HQC,HOSE
HRC,HOSE
HSG,HOSE
HSL,HOSE
HT1,HOSE
HTG,HOSE
HTI,HOSE
HTL,HOSE
HTN,HOSE
HTV,HOSE
HU1,HOSE
HUB,HOSE
HVH,HOSE
HVN,HOSE
HVX,HOSE
ICT,HOSE
IDI,HOSE
IJC,HOSE
ILB,HOSE
IMP,HOSE
ITC,HOSE
ITD,HOSE
JVC,HOSE
KBC,HOSE
KDC,HOSE
KDH,HOSE
KHG,HOSE
KHP,HOSE
KMR,HOSE
KOS,HOSE
KSB,HOSE
L10,HOSE
LAF,HOSE
LBM,HOSE
LCG,HOSE
LDG,HOSE
LGC,HOSE
LGL,HOSE
LHG,HOSE
LIX,HOSE
LM8,HOSE
LPB,HOSE
LSS,HOSE
MBB,HOSE
MCM,HOSE
MCP,HOSE
MDG,HOSE
MHC,HOSE
MIG,HOSE
MSB,HOSE
MSH,HOSE
MSN,HOSE
MWG,HOSE
NAB,HOSE
NAF,HOSE
NAV,HOSE
NBB,HOSE
NCT,HOSE
NHA,HOSE
NHH,HOSE
NHT,HOSE
NKG,HOSE
NLG,HOSE
NNC,HOSE
NO1,HOSE
NSC,HOSE
NT2,HOSE
NTL,HOSE
NVL,HOSE
NVT,HOSE
OCB,HOSE
OGC,HOSE
OPC,HOSE
ORS,HOSE
PAC,HOSE
PAN,HOSE
PC1,HOSE
PDN,HOSE
PDR,HOSE
PET,HOSE
PGC,HOSE
PGD,HOSE
PGI,HOSE
PGV,HOSE
PHC,HOSE
PHR,HOSE
PIT,HOSE
PJT,HOSE
PLP,HOSE
PLX,HOSE
PMG,HOSE
PNC,HOSE
PNJ,HOSE
POW,HOSE
PPC,HOSE
PTB,HOSE
PTC,HOSE
PTL,HOSE
PVD,HOSE
PVP,HOSE
PVT,HOSE
QCG,HOSE
QNP,HOSE
RAL,HOSE
REE,HOSE
RYG,HOSE
S4A,HOSE
SAB,HOSE
SAM,HOSE
SAV,HOSE
SBA,HOSE
SBG,HOSE
SBT,HOSE
SBV,HOSE
SC5,HOSE
SCR,HOSE
SCS,HOSE
SFC,HOSE
SFG,HOSE
SFI,HOSE
SGN,HOSE
SGR,HOSE
SGT,HOSE
SHA,HOSE
SHB,HOSE
SHI,HOSE
SHP,HOSE
SIP,HOSE
SJD,HOSE
SJS,HOSE
SKG,HOSE
SMA,HOSE
SMB,HOSE
SMC,HOSE
SPM,HOSE
SRC,HOSE
SRF,HOSE
SSB,HOSE
SSC,HOSE
SSI,HOSE
ST8,HOSE
STB,HOSE
STG,HOSE
STK,HOSE
SVC,HOSE
SVD,HOSE
SVI,HOSE
SVT,HOSE
SZC,HOSE
SZL,HOSE
TAL,HOSE
TBC,HOSE
TCB,HOSE
TCD,HOSE
TCH,HOSE
TCI,HOSE
TCL,HOSE
TCM,HOSE
TCO,HOSE
TCR,HOSE
TCT,HOSE
TDC,HOSE
TDG,HOSE
TDH,HOSE
TDM,HOSE
TDP,HOSE
TDW,HOSE
TEG,HOSE
THG,HOSE
TIP,HOSE
TIX,HOSE
TLD,HOSE
TLG,HOSE
TLH,HOSE
TMP,HOSE
TMS,HOSE
TMT,HOSE
TN1,HOSE
TNC,HOSE
TNH,HOSE
TNI,HOSE
TNT,HOSE
TPB,HOSE
TPC,HOSE
TRA,HOSE
TRC,HOSE
TSC,HOSE
TTA,HOSE
TTE,HOSE
TTF,HOSE
TV2,HOSE
TVB,HOSE
TVS,HOSE
TVT,HOSE
TYA,HOSE
UIC,HOSE
VAF,HOSE
VCA,HOSE
VCB,HOSE
VCF,HOSE
VCG,HOSE
VCI,HOSE
VDP,HOSE
VDS,HOSE
VFG,HOSE
VGC,HOSE
VHC,HOSE
VHM,HOSE
VIB,HOSE
VIC,HOSE
VID,HOSE
VIP,HOSE
VIX,HOSE
VJC,HOSE
VMD,HOSE
VND,HOSE
VNE,HOSE
VNG,HOSE
VNL,HOSE
VNM,HOSE
VNS,HOSE
VOS,HOSE
VPB,HOSE
VPD,HOSE
VPG,HOSE
VPH,HOSE
VPI,HOSE
VPL,HOSE
VPS,HOSE
VRC,HOSE
VRE,HOSE
VSC,HOSE
VSH,HOSE
VSI,HOSE
VTB,HOSE
VTO,HOSE
VTP,HOSE
YBM,HOSE
YEG,HOSE
